name,length,width,quantity,material,grain,group,notes
A Top,42.5846,15.375,1,Baltic birch 18mm,length,3x2 A,
A Bottom,42.5846,15.375,1,Baltic birch 18mm,length,3x2 A,
A Side,27.2087,15.375,2,Baltic birch 18mm,length,3x2 A,
A Divider,27.2087,15.375,2,Baltic birch 18mm,length,3x2 A,
A Shelf,13.25,15.375,3,Baltic birch 18mm,length,3x2 A,
A Back,42.5846,28.626,1,Baltic birch 6mm,length,3x2 A,
C Top,42.5846,15.375,1,Baltic birch 18mm,length,3x2 C,
C Bottom,42.5846,15.375,1,Baltic birch 18mm,length,3x2 C,
C Side,27.2087,15.375,2,Baltic birch 18mm,length,3x2 C,
C Divider,27.2087,15.375,2,Baltic birch 18mm,length,3x2 C,
C Shelf,13.25,15.375,3,Baltic birch 18mm,length,3x2 C,
C Back,42.5846,28.626,1,Baltic birch 6mm,length,3x2 C,
B Top,56.5433,15.375,1,Baltic birch 18mm,length,4x2 B,
B Bottom,56.5433,15.375,1,Baltic birch 18mm,length,4x2 B,
B Side,27.2087,15.375,2,Baltic birch 18mm,length,4x2 B,
B Divider,27.2087,15.375,2,Baltic birch 18mm,length,4x2 B,
B Long shelf,27.2087,15.375,1,Baltic birch 18mm,length,4x2 B,
B Short divider,13.25,15.375,1,Baltic birch 18mm,length,4x2 B,
B Shelf,13.25,15.375,2,Baltic birch 18mm,length,4x2 B,
B Back,56.5433,28.626,1,Baltic birch 6mm,length,4x2 B,
